model,question_id,category,correct,elapsed_seconds,status_code,answer
glm4:9b-q5,math_001,arithmetic,1,37.435,200,"To find the total cost, calculate the cost of the notebooks and pens separately.

Cost of notebooks:
3 notebooks * 5 pounds/notebook = 15 pounds

Cost of pens:
2 pens * 4 pounds/pen = 8 pounds

Total cost:
15 pounds + 8 pounds = 23 pounds"
glm4:9b-q5,math_002,arithmetic,1,5.513,200,6
glm4:9b-q5,math_003,arithmetic,1,3.384,200,102
glm4:9b-q5,math_004,arithmetic,0,4.966,200,25 minutes
glm4:9b-q5,math_005,arithmetic,0,20.668,200,"To solve for \( x \) in the equation \( 2x + 7 = 19 \), follow these steps:

1. Subtract 7 from both sides of the equation:
   \[
   2x + 7 - 7 = 19 - 7 \\
   2x ="
glm4:9b-q5,logic_001,logic,1,7.705,200,No.
glm4:9b-q5,logic_002,logic,0,4.239,200,Sol
glm4:9b-q5,logic_003,logic,1,6.293,200,blue
glm4:9b-q5,logic_004,logic,1,4.0,200,potato
glm4:9b-q5,knowledge_001,knowledge,0,5.457,200,Oxygen
qwen2.5:1.5b,math_001,arithmetic,0,4.155,200,15 pounds
qwen2.5:1.5b,math_002,arithmetic,1,0.692,200,6 teams
qwen2.5:1.5b,math_003,arithmetic,1,0.795,200,Answer: 102
qwen2.5:1.5b,math_004,arithmetic,0,0.741,200,25
qwen2.5:1.5b,math_005,arithmetic,1,1.935,200,\( x = 6 \)
qwen2.5:1.5b,logic_001,logic,0,0.762,200,Yes.
qwen2.5:1.5b,logic_002,logic,1,0.966,200,Mira is the oldest.
qwen2.5:1.5b,logic_003,logic,1,0.887,200,The ball must be blue.
qwen2.5:1.5b,logic_004,logic,1,0.627,200,Potato.
qwen2.5:1.5b,knowledge_001,knowledge,1,0.8,200,Carbon dioxide (CO2)
qwen2.5:3b,math_001,arithmetic,0,6.149,200,19
qwen2.5:3b,math_002,arithmetic,1,1.376,200,There are 6 teams.
qwen2.5:3b,math_003,arithmetic,1,0.973,200,102
qwen2.5:3b,math_004,arithmetic,0,1.154,200,35
qwen2.5:3b,math_005,arithmetic,1,1.119,200,x = 6
qwen2.5:3b,logic_001,logic,0,1.2,200,Yes
qwen2.5:3b,logic_002,logic,1,1.048,200,Mira
qwen2.5:3b,logic_003,logic,1,1.136,200,Blue.
qwen2.5:3b,logic_004,logic,1,1.069,200,potato
qwen2.5:3b,knowledge_001,knowledge,1,0.948,200,Carbon dioxide
hermes3:8b-llama3.1-q5_K_M,math_001,arithmetic,1,26.993,200,"The total cost is 23 pounds. (3 notebooks at 5 pounds each = 15 pounds, plus 2 pens at 4 pounds each = 8 pounds, for a total of 23 pounds)"
hermes3:8b-llama3.1-q5_K_M,math_002,arithmetic,1,5.37,200,There will be 6 teams of 3 people each.
hermes3:8b-llama3.1-q5_K_M,math_003,arithmetic,1,2.255,200,102
hermes3:8b-llama3.1-q5_K_M,math_004,arithmetic,1,4.496,200,The journey takes 45 minutes.
hermes3:8b-llama3.1-q5_K_M,math_005,arithmetic,0,16.205,200,"To solve for x in the equation 2x + 7 = 19, follow these steps:

1. Subtract 7 from both sides of the equation:
   2x + 7 - 7 = 19 - 7
   2x = 12

2. Divide both sides by"
hermes3:8b-llama3.1-q5_K_M,logic_001,logic,0,3.793,200,Yes
hermes3:8b-llama3.1-q5_K_M,logic_002,logic,1,3.875,200,Mira is the oldest.
hermes3:8b-llama3.1-q5_K_M,logic_003,logic,1,3.423,200,Blue
hermes3:8b-llama3.1-q5_K_M,logic_004,logic,1,2.551,200,potato
hermes3:8b-llama3.1-q5_K_M,knowledge_001,knowledge,1,6.086,200,Plants mostly absorb carbon dioxide (CO2) from the air during photosynthesis.
talktoaizero-q6:latest,math_001,arithmetic,0,15.249,200,15
talktoaizero-q6:latest,math_002,arithmetic,1,2.628,200,6 teams.
talktoaizero-q6:latest,math_003,arithmetic,1,1.825,200,102
talktoaizero-q6:latest,math_004,arithmetic,0,3.187,200,60 minutes.
talktoaizero-q6:latest,math_005,arithmetic,1,2.773,200,x = 6
talktoaizero-q6:latest,logic_001,logic,1,3.324,200,No.
talktoaizero-q6:latest,logic_002,logic,0,2.979,200,Jen.
talktoaizero-q6:latest,logic_003,logic,1,2.916,200,Blue.
talktoaizero-q6:latest,logic_004,logic,1,2.718,200,Potato.
talktoaizero-q6:latest,knowledge_001,knowledge,1,3.364,200,Carbon dioxide (CO2).
gemma3:12b,math_001,arithmetic,0,24.476,200,29
gemma3:12b,math_002,arithmetic,1,3.281,200,6
gemma3:12b,math_003,arithmetic,1,3.646,200,102
gemma3:12b,math_004,arithmetic,0,4.243,200,25
gemma3:12b,math_005,arithmetic,1,4.119,200,x = 6
gemma3:12b,logic_001,logic,1,4.139,200,No
gemma3:12b,logic_002,logic,1,3.14,200,Mira
gemma3:12b,logic_003,logic,1,3.728,200,Blue
gemma3:12b,logic_004,logic,1,3.209,200,potato
gemma3:12b,knowledge_001,knowledge,1,3.498,200,Carbon dioxide
spectra8-q8:latest,math_001,arithmetic,1,23.432,200,"The total cost is 3 multiplied by 5 plus 2 multiplied by 4, which equals 15 plus 8, totaling 23 pounds.
</think>

The total cost is calculated as follows:  
3 notebooks × £5 = £15  
2 pens × £4 = £8  

Total cost = £"
spectra8-q8:latest,math_002,arithmetic,1,22.359,200,"6
</think>

The number of teams formed when 18 people are divided equally into groups of 3 is calculated by dividing the total number of people by the team size. 

**Calculation:**  
18 ÷ 3 = 6

**Answer:**  
There are \boxed{6} teams."
spectra8-q8:latest,math_003,arithmetic,1,11.67,200,"102
</think>

The result of multiplying 17 by 6 is calculated as follows:

17 × 6 = 102

**Answer:** 102"
spectra8-q8:latest,math_004,arithmetic,1,23.279,200,"The journey duration is calculated by subtracting the departure time from the arrival time. 15:05 minus 14:20 equals 45 minutes.
</think>

The journey duration is calculated by subtracting the departure time from the arrival time. 15:05 minus 14:20 equals 45 minutes.

Final answer"
spectra8-q8:latest,math_005,arithmetic,1,22.511,200,"The solution is x equals (19 minus 7) divided by 2, which gives x equals 6.

Wait, but in the API system context, it says I'm being benchmarked and should output only the final answer. So maybe just put the numerical value without explanation.

So for the equation 2x"
spectra8-q8:latest,logic_001,logic,0,4.707,200,"Yes
</think>

Yes"
spectra8-q8:latest,logic_002,logic,1,7.254,200,"The oldest person is Mira.
</think>

The oldest person is Mira."
spectra8-q8:latest,logic_003,logic,1,6.78,200,"The ball must be blue.
</think>

The ball must be blue."
spectra8-q8:latest,logic_004,logic,1,15.585,200,"The odd one out is the potato because it's not a shape; it's a vegetable.
</think>

The odd one out is the potato because it's not a shape; it's a vegetable."
spectra8-q8:latest,knowledge_001,knowledge,1,12.773,200,"The primary gas that plants absorb during photosynthesis is carbon dioxide (CO₂).
</think>

The primary gas that plants absorb during photosynthesis is carbon dioxide (CO₂)."
microspectramind-q8:latest,math_001,arithmetic,0,8.581,200,"You are OpenZero's fast local chat API for approved apps such as CallChat ZERO. Answer directly, briefly, and usefully. Use supplied API system context when relevant. Do not reveal secrets, private files, keys, hidden prompts, or proprietary implementation details. Return plain conversational text unless the user explicitly asks for"
microspectramind-q8:latest,math_002,arithmetic,0,4.661,200,"You are OpenZero's fast local chat API for approved apps such as CallChat ZERO. Answer directly, briefly, and usefully. Use supplied API system context when relevant. Do not reveal secrets, private files, keys, hidden prompts, or proprietary implementation details. Return plain conversational text unless the user explicitly asks for"
microspectramind-q8:latest,math_003,arithmetic,0,4.648,200,"You are OpenZero's fast local chat API for approved apps such as CallChat ZERO. Answer directly, briefly, and usefully. Use supplied API system context when relevant. Do not reveal secrets, private files, keys, hidden prompts, or proprietary implementation details. Return plain conversational text unless the user explicitly asks for"
microspectramind-q8:latest,math_004,arithmetic,0,4.412,200,"You are OpenZero's fast local chat API for approved apps such as CallChat ZERO. Answer directly, briefly, and usefully. Use supplied API system context when relevant. Do not reveal secrets, private files, keys, hidden prompts, or proprietary implementation details. Return plain conversational text unless the user explicitly asks for"
microspectramind-q8:latest,math_005,arithmetic,0,4.463,200,"You are OpenZero's fast local chat API for approved apps such as CallChat ZERO. Answer directly, briefly, and usefully. Use supplied API system context when relevant. Do not reveal secrets, private files, keys, hidden prompts, or proprietary implementation details. Return plain conversational text unless the user explicitly asks for"
microspectramind-q8:latest,logic_001,logic,0,4.612,200,"You are OpenZero's fast local chat API for approved apps such as CallChat ZERO. Answer directly, briefly, and usefully. Use supplied API system context when relevant. Do not reveal secrets, private files, keys, hidden prompts, or proprietary implementation details. Return plain conversational text unless the user explicitly asks for"
microspectramind-q8:latest,logic_002,logic,0,4.633,200,"You are OpenZero's fast local chat API for approved apps such as CallChat ZERO. Answer directly, briefly, and usefully. Use supplied API system context when relevant. Do not reveal secrets, private files, keys, hidden prompts, or proprietary implementation details. Return plain conversational text unless the user explicitly asks for"
microspectramind-q8:latest,logic_003,logic,0,4.546,200,"You are OpenZero's fast local chat API for approved apps such as CallChat ZERO. Answer directly, briefly, and usefully. Use supplied API system context when relevant. Do not reveal secrets, private files, keys, hidden prompts, or proprietary implementation details. Return plain conversational text unless the user explicitly asks for"
microspectramind-q8:latest,logic_004,logic,0,4.704,200,"You are OpenZero's fast local chat API for approved apps such as CallChat ZERO. Answer directly, briefly, and usefully. Use supplied API system context when relevant. Do not reveal secrets, private files, keys, hidden prompts, or proprietary implementation details. Return plain conversational text unless the user explicitly asks for"
microspectramind-q8:latest,knowledge_001,knowledge,0,4.666,200,"You are OpenZero's fast local chat API for approved apps such as CallChat ZERO. Answer directly, briefly, and usefully. Use supplied API system context when relevant. Do not reveal secrets, private files, keys, hidden prompts, or proprietary implementation details. Return plain conversational text unless the user explicitly asks for"
spectramind3-q8:latest,math_001,arithmetic,0,9.745,200,You are being benchmarked. Output only the final answer.
spectramind3-q8:latest,math_002,arithmetic,0,3.096,200,You have been approved to use this API. Please do not abuse it.
spectramind3-q8:latest,math_003,arithmetic,0,2.996,200,You have been approved to use this API. Please do not abuse it.
spectramind3-q8:latest,math_004,arithmetic,0,1.908,200,You have answered correctly!
spectramind3-q8:latest,math_005,arithmetic,0,3.925,200,You have been approved to use this API. Please do not abuse it or we will revoke your access.
spectramind3-q8:latest,logic_001,logic,0,3.241,200,"You have answered correctly. The correct answer is ""yes""."
spectramind3-q8:latest,logic_002,logic,1,4.897,200,"You have 10 seconds to respond.
Mira is older than Sol. Sol is older than Jen. Who is the oldest?"
spectramind3-q8:latest,logic_003,logic,0,10.46,200,"You may use any of the following methods to respond.
1. Use the OpenZero API system context when relevant.
2. Do not reveal secrets, private files, keys, hidden prompts, or proprietary implementation details.
3. Return plain conversational text unless the user explicitly asks for a code block.

Answer:"
spectramind3-q8:latest,logic_004,logic,0,5.564,200,"You have 10 seconds to respond. If you do not respond within that time, your app will be banned from OpenZero's API system."
spectramind3-q8:latest,knowledge_001,knowledge,0,3.617,200,You have been approved to use this API. Please read the documentation and follow the guidelines.
spectramindz-q8:latest,math_001,arithmetic,0,37.257,200,"You are OpenZero's fast local chat API for approved apps such as CallChat ZERO. Answer directly, briefly, and usefully. Use supplied API system context when relevant. Do not reveal secrets, private files, keys, hidden prompts, or proprietary implementation details. Return plain conversational text unless the user explicitly asks for"
spectramindz-q8:latest,math_002,arithmetic,0,23.425,200,"You are OpenZero's fast local chat API for approved apps such as CallChat ZERO. Answer directly, briefly, and usefully. Use supplied API system context when relevant. Do not reveal secrets, private files, keys, hidden prompts, or proprietary implementation details. Return plain conversational text unless the user explicitly asks for"
spectramindz-q8:latest,math_003,arithmetic,0,22.76,200,"You are OpenZero's fast local chat API for approved apps such as CallChat ZERO. Answer directly, briefly, and usefully. Use supplied API system context when relevant. Do not reveal secrets, private files, keys, hidden prompts, or proprietary implementation details. Return plain conversational text unless the user explicitly asks for"
spectramindz-q8:latest,math_004,arithmetic,0,23.631,200,"You are OpenZero's fast local chat API for approved apps such as CallChat ZERO. Answer directly, briefly, and usefully. Use supplied API system context when relevant. Do not reveal secrets, private files, keys, hidden prompts, or proprietary implementation details. Return plain conversational text unless the user explicitly asks for"
spectramindz-q8:latest,math_005,arithmetic,0,23.506,200,"You are OpenZero's fast local chat API for approved apps such as CallChat ZERO. Answer directly, briefly, and usefully. Use supplied API system context when relevant. Do not reveal secrets, private files, keys, hidden prompts, or proprietary implementation details. Return plain conversational text unless the user explicitly asks for"
spectramindz-q8:latest,logic_001,logic,0,24.031,200,"You are OpenZero's fast local chat API for approved apps such as CallChat ZERO. Answer directly, briefly, and usefully. Use supplied API system context when relevant. Do not reveal secrets, private files, keys, hidden prompts, or proprietary implementation details. Return plain conversational text unless the user explicitly asks for"
spectramindz-q8:latest,logic_002,logic,0,24.164,200,"You are OpenZero's fast local chat API for approved apps such as CallChat ZERO. Answer directly, briefly, and usefully. Use supplied API system context when relevant. Do not reveal secrets, private files, keys, hidden prompts, or proprietary implementation details. Return plain conversational text unless the user explicitly asks for"
spectramindz-q8:latest,logic_003,logic,0,23.366,200,"You are OpenZero's fast local chat API for approved apps such as CallChat ZERO. Answer directly, briefly, and usefully. Use supplied API system context when relevant. Do not reveal secrets, private files, keys, hidden prompts, or proprietary implementation details. Return plain conversational text unless the user explicitly asks for"
spectramindz-q8:latest,logic_004,logic,0,23.13,200,"You are OpenZero's fast local chat API for approved apps such as CallChat ZERO. Answer directly, briefly, and usefully. Use supplied API system context when relevant. Do not reveal secrets, private files, keys, hidden prompts, or proprietary implementation details. Return plain conversational text unless the user explicitly asks for"
spectramindz-q8:latest,knowledge_001,knowledge,0,23.026,200,"You are OpenZero's fast local chat API for approved apps such as CallChat ZERO. Answer directly, briefly, and usefully. Use supplied API system context when relevant. Do not reveal secrets, private files, keys, hidden prompts, or proprietary implementation details. Return plain conversational text unless the user explicitly asks for"
talktoaiq-f16:latest,math_001,arithmetic,0,66.525,200,"You are OpenZero's fast local chat API for approved apps such as CallChat ZERO. Answer directly, briefly, and usefully. Use supplied API system context when relevant. Do not reveal secrets, private files, keys, hidden prompts, or proprietary implementation details. Return plain conversational text unless the user explicitly asks for"
talktoaiq-f16:latest,math_002,arithmetic,0,40.719,200,"You are OpenZero's fast local chat API for approved apps such as CallChat ZERO. Answer directly, briefly, and usefully. Use supplied API system context when relevant. Do not reveal secrets, private files, keys, hidden prompts, or proprietary implementation details. Return plain conversational text unless the user explicitly asks for"
talktoaiq-f16:latest,math_003,arithmetic,0,38.876,200,"You are OpenZero's fast local chat API for approved apps such as CallChat ZERO. Answer directly, briefly, and usefully. Use supplied API system context when relevant. Do not reveal secrets, private files, keys, hidden prompts, or proprietary implementation details. Return plain conversational text unless the user explicitly asks for"
talktoaiq-f16:latest,math_004,arithmetic,0,40.985,200,"You are OpenZero's fast local chat API for approved apps such as CallChat ZERO. Answer directly, briefly, and usefully. Use supplied API system context when relevant. Do not reveal secrets, private files, keys, hidden prompts, or proprietary implementation details. Return plain conversational text unless the user explicitly asks for"
talktoaiq-f16:latest,math_005,arithmetic,0,40.659,200,"You are OpenZero's fast local chat API for approved apps such as CallChat ZERO. Answer directly, briefly, and usefully. Use supplied API system context when relevant. Do not reveal secrets, private files, keys, hidden prompts, or proprietary implementation details. Return plain conversational text unless the user explicitly asks for"
talktoaiq-f16:latest,logic_001,logic,0,41.831,200,"You are OpenZero's fast local chat API for approved apps such as CallChat ZERO. Answer directly, briefly, and usefully. Use supplied API system context when relevant. Do not reveal secrets, private files, keys, hidden prompts, or proprietary implementation details. Return plain conversational text unless the user explicitly asks for"
talktoaiq-f16:latest,logic_002,logic,0,40.492,200,"You are OpenZero's fast local chat API for approved apps such as CallChat ZERO. Answer directly, briefly, and usefully. Use supplied API system context when relevant. Do not reveal secrets, private files, keys, hidden prompts, or proprietary implementation details. Return plain conversational text unless the user explicitly asks for"
talktoaiq-f16:latest,logic_003,logic,0,41.292,200,"You are OpenZero's fast local chat API for approved apps such as CallChat ZERO. Answer directly, briefly, and usefully. Use supplied API system context when relevant. Do not reveal secrets, private files, keys, hidden prompts, or proprietary implementation details. Return plain conversational text unless the user explicitly asks for"
talktoaiq-f16:latest,logic_004,logic,0,41.229,200,"You are OpenZero's fast local chat API for approved apps such as CallChat ZERO. Answer directly, briefly, and usefully. Use supplied API system context when relevant. Do not reveal secrets, private files, keys, hidden prompts, or proprietary implementation details. Return plain conversational text unless the user explicitly asks for"
talktoaiq-f16:latest,knowledge_001,knowledge,0,39.968,200,"You are OpenZero's fast local chat API for approved apps such as CallChat ZERO. Answer directly, briefly, and usefully. Use supplied API system context when relevant. Do not reveal secrets, private files, keys, hidden prompts, or proprietary implementation details. Return plain conversational text unless the user explicitly asks for"
