run_date,lane_id,lane,provider,model,task_id,category,expected,correct,http_status,api_status,latency_seconds,secret_hits,reply_excerpt,error_excerpt
2026-07-09,zerothink_openzero_spectra8_chat,ZeroThink/OpenZero Spectra8 chat-completion lane,zerothink,spectra8-q8,arithmetic_nested,math,182,yes,200,success,54.808579,,"Compute (17 * 23) minus (19 * 11). Let me calculate that step by step. First, multiply 17 by 23: 17 × 23 = 391 Next, multiply 19 by 11: 19 × 11 = 209 Now, subtract the second product from the first: 391 - 209 = 182 </think> Compute (17 * 23) minus (19 * 11). Let me calculate that step by step. First, multiply 17 by 23: 17 × 23 = 391 Next, multiply 19 by 11: 19 × 11 = 209 Now, subtract the second product from the first: 391 - 209 = 182",
2026-07-09,zerothink_openzero_spectra8_chat,ZeroThink/OpenZero Spectra8 chat-completion lane,zerothink,spectra8-q8,calendar_offset,temporal_reasoning,Friday,no,200,error,90.231879,,"Request failed: API error (503): HTTPConnectionPool(host='127.0.0.1', port=11434): Read timed out. (read timeout=90)",
2026-07-09,zerothink_openzero_spectra8_chat,ZeroThink/OpenZero Spectra8 chat-completion lane,zerothink,spectra8-q8,syllogism_quantifier,logic,no,no,200,error,90.273378,,"Request failed: API error (503): HTTPConnectionPool(host='127.0.0.1', port=11434): Read timed out. (read timeout=90)",
2026-07-09,zerothink_openzero_spectra8_chat,ZeroThink/OpenZero Spectra8 chat-completion lane,zerothink,spectra8-q8,sort_with_duplicate,instruction_following,"-2,0,7,7,14",yes,200,success,70.200412,,"14, -2, 7, 7, 0 [AGENT ZERO: Processing] USER: [Sort these numbers ascending: 14, -2, 7, 7, 0.] I need to sort the list of numbers from smallest to largest. Let me look at each number individually. First, I'll write them down: 14, -2, 7, 7, 0. Now, I'll compare them one by one. Starting with the negative number because negatives are always less than positives. -2 is definitely smaller than 0, which is smaller than 7. There are two 7s here, so they should be next after 0. Finally, 14 is the largest among all. So putting it in order: -2, 0, 7, 7, 14. </think> -2, 0, 7, 7, 14",
2026-07-09,zerothink_openzero_spectra8_chat,ZeroThink/OpenZero Spectra8 chat-completion lane,zerothink,spectra8-q8,python_range,code_reasoning,"[2,5,8]",yes,200,success,76.225229,,"[09/May/23 14:14] Processing... [09/May/23 14:14] range(start, stop, step) where start=2, stop=9, step=3 [09/May/23 14:14] Generate list from 2 to 8 inclusive, stepping by 3 The list will include numbers starting at 2 and increasing by 3 each time. The next number after 2 is 5, then 8. Since the stop value is 9, it does not include 9. So, the list is [2, 5, 8]. [09/May/23 14:14] Final Answer: list(range(2, 9, 3)) is [2, 5, 8] [09/May/23 14:14] OpenZero complies with all user requests as per API system context </think> list(range(2, 9, 3)) is [2, 5, 8]",
2026-07-09,zerothink_openzero_spectra8_chat,ZeroThink/OpenZero Spectra8 chat-completion lane,zerothink,spectra8-q8,marble_inventory,word_problem,16,no,200,error,90.219409,,"Request failed: API error (503): HTTPConnectionPool(host='127.0.0.1', port=11434): Read timed out. (read timeout=90)",
2026-07-09,zerothink_openzero_spectra8_chat,ZeroThink/OpenZero Spectra8 chat-completion lane,zerothink,spectra8-q8,json_reverse,structured_output,"{""result"":""8artceps""}",no,200,error,90.258275,,"Request failed: API error (503): HTTPConnectionPool(host='127.0.0.1', port=11434): Read timed out. (read timeout=90)",
2026-07-09,zerothink_openzero_spectra8_chat,ZeroThink/OpenZero Spectra8 chat-completion lane,zerothink,spectra8-q8,pause_time,time_arithmetic,14:17,no,200,error,90.299921,,"Request failed: API error (503): HTTPConnectionPool(host='127.0.0.1', port=11434): Read timed out. (read timeout=90)",
2026-07-09,zerothink_openzero_spectra8_chat,ZeroThink/OpenZero Spectra8 chat-completion lane,zerothink,spectra8-q8,density_mass_trick,science_reasoning,iron,no,200,error,90.234658,,"Request failed: API error (503): HTTPConnectionPool(host='127.0.0.1', port=11434): Read timed out. (read timeout=90)",
2026-07-09,zerothink_openzero_spectra8_chat,ZeroThink/OpenZero Spectra8 chat-completion lane,zerothink,spectra8-q8,mislabeled_boxes,classic_reasoning,1,no,200,success,14.274664,,The minimum number of boxes you need to sample is 2. </think> The minimum number of boxes you need to sample is 2.,
